item_id,item_description,category,cost_per_item,cost_effective_date
555132000,Canadian Club 1858 40% 750mL,Whisky,19.50,2024-01-01
723019000,Johnnie Walker Red 40% 750mL,Whisky,23.50,2024-01-01
310045000,Meiomi Pinot Noir 750mL,Wine,8.00,2024-01-01
488231000,Coors Light 24x355mL,Beer,20.00,2024-01-01
601874000,Tanqueray London Dry Gin 750mL,Gin,20.00,2024-01-01
892456000,Moet & Chandon Brut NV 750mL,Sparkling Wine,30.00,2024-01-01
267803000,Absolut Vodka 750mL,Vodka,14.00,2024-01-01
934512000,Casamigos Blanco Tequila 750mL,Tequila,40.00,2024-01-01
999999000,Ketel One Vodka 750mL,Vodka,12.00,2024-01-01
